id,direction,entryTime,entryPrice,exitTime,exitPrice,stopLoss,takeProfit,exitReason,pnlUsd,gateScore,confidence,trailingPhase,mfeMaxUsd,maeMaxUsd,mfeMaxR,maeMaxR,peakPrice,troughPrice,initialStopLoss,initialRiskUsd,timeToMfeBars,timeToMaeBars,timeToCloseBars,maeOccurredBeforeMfe,maeBeforeMfeUsd,maeAfterMfeUsd,maeBeforeMfeR,maeAfterMfeR,touched0_5R,touched1R,touched2R,touched3R,feeRateRtPct,entryFeeUsd,exitFeeAtPeakUsd,mfeMaxUsdAfterFeesEstimate,mfeMaxRAfterFeesEstimate,touched0_5RAfterFeesEstimate,touched1RAfterFeesEstimate,touched2RAfterFeesEstimate,touched3RAfterFeesEstimate,delta24hAtEntry,atrPctAtEntry,volatilityBucket,htfDistancePct,entryHourUtc,sessionLabel,delta24hBucket
1,"LONG",1776314699999,74894.1,1776314759999,75010,75010,75455.80575,"TRAILING_SL",0.24568769999996498,0,0.65,1,0.9953999999999651,0,0.44302555207952576,0,75060,74894.1,74519.62950000001,2.2468229999999747,1,0,1,0,0,0,0,0,0,0,0,0,0.1,0.22468230000000003,0.22518000000000002,0.545537699999965,0.2428040393034837,0,0,0,0,1.0177137643027638,0.30835167137663255,"MED",0.7884905082349085,4,"ASIA","NORMAL"
2,"LONG",1776317399999,74894.1,1776317459999,75026.8,75026.8,75455.80575,"TRAILING_SL",0.3464372999999825,0,0.65,1,1.0961999999999825,0,0.487888899125563,0,75076.8,74894.1,74519.62950000001,2.2468229999999747,1,0,1,0,0,0,0,0,0,0,0,0,0.1,0.22468230000000003,0.2252304,0.6462872999999825,0.28764495467599793,0,0,0,0,1.4255393932839453,0.3099043838013643,"MED",0.6909975606200554,5,"ASIA","NORMAL"
3,"LONG",1776322799999,74898.1,1776322859999,74934.6,74934.6,75459.83575000001,"TRAILING_SL",-0.23049810000000007,0,0.65,1,0.519,0,0.23098049216201752,0,74984.6,74898.1,74523.6095,2.2469429999999995,1,0,1,0,0,0,0,0,0,0,0,0,0.1,0.22469430000000004,0.22495380000000004,0.06935189999999997,0.030865001915936444,0,0,0,0,1.53910735564945,0.2558802814157369,"MED",0.5218053684375114,6,"ASIA","NORMAL"
4,"SHORT",1776347999999,74563.1,1776348059999,73650,73650,74003.87675000001,"TRAILING_SL",5.033960700000034,0,0.65,1,5.7786000000000355,0,2.5833153396251327,0,73600,74563.1,74935.9155,2.236892999999982,1,0,1,0,0,0,0,0,1,1,1,0,0.1,0.22368930000000004,0.22080000000000002,5.334110700000036,2.3846069972949437,1,1,1,0,-0.3703348416045129,0.3880018958992475,"MED",-1.008718140527118,13,"OVERLAP","CONSOLIDATION"
5,"SHORT",1776353399999,74376.8,1776353459999,74172,74172,73818.974,"TRAILING_SL",0.7831536000000174,0,0.65,1,1.5288000000000175,0,0.6851598885674004,0,74122,74376.8,74748.68400000001,2.231304000000033,1,0,1,0,0,0,0,0,1,0,0,0,0.1,0.2231304,0.222366,1.0833036000000174,0.48550246851168705,0,0,0,0,0.21598826797143075,0.43167546075086655,"HIGH",-0.39639818624343437,15,"OVERLAP","CONSOLIDATION"
6,"LONG",1776435299999,76970.1,1776435359999,77125.5,77125.5,77547.37575,"TRAILING_SL",0.39176099999997094,0,0.65,1,1.0269999999999708,0,0.5337137407902391,0,77175.5,76970.1,76585.2495,1.9242525000000024,1,0,1,0,0,0,0,0,1,0,0,0,0.1,0.19242525000000002,0.19293875,0.6416359999999708,0.3334468839198442,0,0,0,0,4.432007937196404,0.5542400857176761,"HIGH",2.3130317390924735,14,"OVERLAP","MOMENTUM_EXTREME"
7,"LONG",1776463199999,77337.1,1776463259999,77350.1,77350.1,77917.12825000001,"TRAILING_SL",-0.32171800000000006,0,0.65,1,0.315,0,0.16292309900422663,0,77400.1,77337.1,76950.4145,1.9334275000000345,1,0,1,0,0,0,0,0,0,0,0,0,0.1,0.19334275000000004,0.19350025000000004,-0.07184300000000007,-0.03715836254527195,0,0,0,0,3.3322608508746514,0.35470043968383574,"MED",1.233707600392248,21,"US","MOMENTUM_EXTREME"
8,"LONG",1776465899999,77305.5,1776466019999,77347.9,77347.9,77885.29125,"TRAILING_SL",-0.17463350000002906,0,0.65,1,0.4619999999999709,0,0.2390515551933433,0,77397.9,77305.5,76918.9725,1.9326374999999827,2,0,2,0,0,0,0,0,0,0,0,0,0.1,0.19326375,0.19349475,0.07524149999997087,0.03893202941574483,0,0,0,0,3.327568592624244,0.3225995425299309,"MED",1.1972164273569184,22,"US","MOMENTUM_EXTREME"
9,"SHORT",1776665699999,74317,1776665759999,74255,74255,73759.6225,"TRAILING_SL",-0.073716,0,0.65,1,0.672,0,0.301411520917147,0,74205,74317,74688.585,2.2295100000000385,1,0,1,0,0,0,0,0,0,0,0,0,0.1,0.222951,0.222615,0.22643400000000002,0.10156222667760903,0,0,0,0,-1.4434995408193212,0.26000847809512523,"MED",-0.6655564701261866,6,"ASIA","NORMAL"
10,"LONG",1776766499999,76309.3,1776766559999,76348.4,76348.4,76881.61975,"TRAILING_SL",-0.18614425000004367,0,0.65,1,0.4454999999999564,0,0.23352330580936276,0,76398.4,76309.3,75927.7535,1.9077324999999838,1,0,1,0,0,0,0,0,0,0,0,0,0.1,0.19077325000000003,0.19099599999999997,0.0637307499999564,0.033406544156456386,0,0,0,0,1.4688049938572822,0.29213320862954484,"MED",0.779401644978771,10,"EU","NORMAL"
11,"LONG",1776770999999,76381.4,1776771119999,76611.1,76611.1,76954.26049999999,"TRAILING_SL",0.7660187500000583,0,0.65,1,1.3985000000000583,0,0.7323772541482793,0,76661.1,76381.4,75999.49299999999,1.9095350000000326,1,0,2,0,0,0,0,0,1,0,0,0,0.1,0.1909535,0.19165275000000004,1.0158937500000582,0.5320110655212085,1,0,0,0,2.011256326358931,0.33149671596910074,"MED",0.9808610977151191,11,"EU","NORMAL"
12,"LONG",1776833999999,77426,1776834059999,77450,77450,78006.695,"TRAILING_SL",-0.26719000000000004,0,0.65,1,0.37,0,0.19115025960271512,0,77500,77426,77038.87,1.9356500000000234,1,0,1,0,0,0,0,0,0,0,0,0,0.1,0.19356500000000001,0.19375,-0.017315000000000025,-0.00894531552708383,0,0,0,0,2.2766391062396423,0.3248699048998804,"MED",1.6001415881731287,4,"ASIA","NORMAL"
13,"LONG",1776836699999,77970,1776836819999,78057.7,78057.7,78724.67006089454,"TRAILING_SL",0.04843074999998542,0,0.65,1,0.6884999999999855,0,0.27369576547818,0,78107.7,77970,77466.8866260703,2.5155668696484645,2,0,2,0,0,0,0,0,0,0,0,0,0.1,0.19492500000000001,0.19526925,0.29830574999998544,0.11858390790528732,0,0,0,0,3.023990606922114,0.382508539764021,"MED",2.396179122349531,5,"ASIA","MOMENTUM_EXTREME"
14,"LONG",1776864599999,78302.4,1776864659999,78377.4,78377.4,78889.66799999999,"TRAILING_SL",-0.016699499999999978,0,0.65,1,0.625,0,0.3192750158360388,0,78427.4,78302.4,77910.88799999999,1.9575600000000122,1,0,1,0,0,0,0,0,0,0,0,0,0.1,0.195756,0.1960685,0.23317549999999995,0.119115378328122,0,0,0,0,3.2055221788654227,0.25851573555198754,"MED",1.5422662718002904,13,"OVERLAP","MOMENTUM_EXTREME"
15,"SHORT",1776971699999,77718.2,1776971819999,77707.1,77707.1,77135.3135,"TRAILING_SL",-0.33306325000004366,0,0.65,1,0.30549999999995636,0.36150000000001453,0.15723472751554005,0.18605680522709697,77657.1,77790.5,78106.791,1.9429550000000018,1,2,2,0,0,0.36150000000001453,0,0.18605680522709697,0,0,0,0,0.1,0.1942955,0.19414275,-0.08293825000004365,-0.04268665512070201,0,0,0,0,-1.4722618707774213,0.431462145024062,"HIGH",-0.32429688864559486,19,"US","NORMAL"
16,"SHORT",1776974399999,77718.2,1776974459999,77653.6,77653.6,77135.3135,"TRAILING_SL",-0.06542950000004366,0,0.65,1,0.5729999999999563,0,0.2949116165839949,0,77603.6,77718.2,78106.791,1.9429550000000018,1,0,1,0,0,0,0,0,0,0,0,0,0.1,0.1942955,0.19400900000000001,0.1846954999999563,0.09505907239228707,0,0,0,0,-1.4244703290343632,0.4033851914099075,"HIGH",-0.2776855041677375,19,"US","NORMAL"
17,"SHORT",1777027499999,77595.2,1777028699999,77983.17599999999,77983.17599999999,77013.236,"SL",-2.328825939999976,0,0.65,0,0.11799999999995635,1.9720000000000437,0.060828504855948734,1.016557725220152,77571.6,77989.6,77983.17599999999,1.9398799999999756,1,20,20,0,0,1.9720000000000437,0,1.016557725220152,0,0,0,0,0.1,0.193988,0.19392900000000005,-0.2699170000000437,-0.13914108089162583,0,0,0,0,0.3494898585878475,0.2276386156003214,"MED",-0.3154083616943116,10,"EU","CONSOLIDATION"
18,"SHORT",1777065299999,77699.9,1777065599999,77584.7,77584.7,77117.15075,"TRAILING_SL",0.18778849999998548,0,0.65,1,0.8259999999999854,0,0.4252257724913283,0,77534.7,77699.9,78088.3995,1.9424975000000269,2,0,5,0,0,0,0,0,0,0,0,0,0.1,0.19424974999999997,0.19383675,0.4379134999999854,0.22543838537757674,0,0,0,0,-0.3719420772483224,0.24156188882668286,"MED",-0.3568405517118716,21,"US","CONSOLIDATION"
19,"SHORT",1777067999999,77556.4,1777068119999,77516.4,77516.4,76974.727,"TRAILING_SL",-0.18768199999999996,0,0.65,1,0.45,0,0.2320891634990755,0,77466.4,77556.4,77944.182,1.9389100000000326,1,0,2,0,0,0,0,0,0,0,0,0,0.1,0.193891,0.193666,0.062443000000000026,0.03220520808082839,0,0,0,0,-0.42649649640646664,0.21651380249814706,"MED",-0.3911567001407257,21,"US","CONSOLIDATION"
20,"LONG",1777219199999,77965.1,1777219259999,77982.4,77982.4,78549.83825,"TRAILING_SL",-0.3033687500000582,0,0.65,1,0.3364999999999418,0,0.17264134850077092,0,78032.4,77965.1,77575.2745,1.9491275000000314,1,0,1,0,0,0,0,0,0,0,0,0,0.1,0.19491275000000002,0.195081,-0.05349375000005824,-0.027444972173476273,0,0,0,0,0.9362505984188878,0.15148002391972076,"LOW",0.259429046169232,15,"OVERLAP","CONSOLIDATION"
21,"LONG",1777228199999,78069.3,1777228439999,78125,78125,78654.81975000001,"TRAILING_SL",-0.11198575000001454,0,0.65,1,0.5284999999999854,0,0.27078505891559723,0,78175,78069.3,77678.9535,1.9517324999999983,2,0,4,0,0,0,0,0,0,0,0,0,0.1,0.19517325000000002,0.19543750000000001,0.1378892499999854,0.07064966638613925,0,0,0,0,1.0980507851723107,0.15978018007751055,"LOW",0.38617396127603826,18,"US","NORMAL"
22,"LONG",1777231799999,78069.3,1777231919999,78129.1,78129.1,78654.81975000001,"TRAILING_SL",-0.09149599999998553,0,0.65,1,0.5490000000000146,0,0.28128854748282106,0,78179.1,78069.3,77678.9535,1.9517324999999983,1,0,2,0,0,0,0,0,0,0,0,0,0.1,0.19517325000000002,0.19544775000000003,0.15837900000001454,0.08114790320907946,0,0,0,0,1.2272735514519688,0.20398065495823803,"MED",0.3754690933923757,19,"US","NORMAL"
23,"LONG",1777240799999,77976,1777240859999,78444.2,78444.2,78560.82,"TRAILING_SL",1.9499494999999856,0,0.65,1,2.5909999999999855,0,1.329126910844339,0,78494.2,77976,77586.12,1.9494000000000233,1,0,1,0,0,0,0,0,1,1,0,0,0.1,0.19494,0.1962355,2.199824499999986,1.1284623473889195,1,1,0,0,1.132678776273364,0.29325975849362296,"MED",0.533394277294228,21,"US","NORMAL"
24,"LONG",1777243499999,78069.3,1777243559999,78273,78273,78654.81975000001,"TRAILING_SL",0.6276442499999855,0,0.65,1,1.2684999999999855,0,0.64993537792704,0,78323,78069.3,77678.9535,1.9517324999999983,1,0,1,0,0,0,0,0,1,0,0,0,0.1,0.19517325000000002,0.1958075,0.8775192499999854,0.44961041023807624,0,0,0,0,0.8843145369758076,0.3380436817127568,"MED",0.3708743437061439,22,"US","CONSOLIDATION"
25,"SHORT",1777301999999,77850.1,1777302059999,77765.3,77765.3,76977.96314212824,"TRAILING_SL",0.03496150000001452,0,0.65,1,0.6740000000000146,0,0.2318443466469509,0,77715.3,77850.1,78431.52457191452,2.907122859572555,1,0,1,0,0,0,0,0,0,0,0,0,0.1,0.19462525000000003,0.19428825,0.28508650000001456,0.09806482689965565,0,0,0,0,-0.3408202749625226,0.2735225479852145,"MED",-0.29226712040402203,14,"OVERLAP","CONSOLIDATION"
26,"SHORT",1777304699999,77058.3,1777304819999,76999.3,76999.3,76480.36275,"TRAILING_SL",-0.09014400000000006,0,0.65,1,0.545,0,0.2829026853693843,0,76949.3,77058.3,77443.59150000001,1.9264575000000332,2,0,2,0,0,0,0,0,0,0,0,0,0.1,0.19264575000000003,0.19237325000000002,0.15998099999999996,0.08304413671207239,0,0,0,0,-1.2700126014170654,0.36138084420636907,"MED",-1.2724105045176186,15,"OVERLAP","NORMAL"
27,"SHORT",1777350599999,76792.4,1777350779999,76784.6,76784.6,76216.457,"TRAILING_SL",-0.3449425000000582,0,0.65,1,0.2889999999999418,0,0.15053573009826082,0,76734.6,76792.4,77176.362,1.9198099999999978,1,0,3,0,0,0,0,0,0,0,0,0,0.1,0.19198099999999998,0.19183650000000002,-0.0948175000000582,-0.04938900203669025,0,0,0,0,-2.9619889879955283,0.22592051892653905,"MED",-0.6382364095566609,4,"ASIA","NORMAL"
28,"SHORT",1777365899999,76871.3,1777365959999,76765.2,76765.2,76294.76525,"TRAILING_SL",0.146408750000029,0,0.65,1,0.7805000000000292,0,0.4061333683702711,0,76715.2,76871.3,77255.6565,1.9217824999999722,1,0,1,0,0,0,0,0,0,0,0,0,0.1,0.19217825000000002,0.19178800000000001,0.39653375000002916,0.2063364350544533,0,0,0,0,-1.0503264789509292,0.243456178858731,"MED",-0.4293406389408517,8,"EU","NORMAL"
29,"SHORT",1777368599999,76792.4,1777368779999,76688.2,76688.2,76216.457,"TRAILING_SL",0.1372984999999855,0,0.65,1,0.7709999999999855,0,0.4016022418885131,0,76638.2,76792.4,77176.362,1.9198099999999978,3,0,3,0,0,0,0,0,0,0,0,0,0.1,0.19198099999999998,0.1915955,0.3874234999999855,0.20180304300945714,0,0,0,0,-1.2820413865497462,0.22595968569926145,"MED",-0.43597141300146414,9,"EU","NORMAL"
30,"SHORT",1777371299999,76548.1,1777371479999,76484,76484,75973.98925,"TRAILING_SL",-0.06208024999997097,0,0.65,1,0.5705000000000291,0,0.2981132124768762,0,76434,76548.1,76930.8405,1.9137024999999994,1,0,3,0,0,0,0,0,0,0,0,0,0.1,0.19137025000000002,0.191085,0.18804475000002907,0.09826226908311461,0,0,0,0,-1.6753541644701484,0.22687455194014852,"MED",-0.7210139287951802,10,"EU","NORMAL"
31,"SHORT",1777411799999,76342.3,1777412159999,76314.4,76314.4,75769.73275,"TRAILING_SL",-0.24214174999995633,0,0.65,1,0.38950000000004364,0,0.20408083067973515,0,76264.4,76342.3,76724.01150000001,1.9085575000000246,5,0,6,0,0,0,0,0,0,0,0,0,0.1,0.19085575,0.190661,0.007983250000043657,0.004182871095077594,0,0,0,0,-0.7845836021897127,0.1929167167427052,"LOW",-0.3037773743806792,21,"US","CONSOLIDATION"
32,"SHORT",1777501799999,75888.3,1777501979999,75860,75860,75319.13775000001,"TRAILING_SL",-0.23787074999998548,0,0.65,1,0.39150000000001456,0,0.20635592047786744,0,75810,75888.3,76267.7415,1.8972075000000042,1,0,3,0,0,0,0,0,0,0,0,0,0.1,0.18972075000000002,0.189525,0.012254250000014538,0.0064590984381068025,0,0,0,0,-0.6389453927777544,0.3203291233725126,"MED",-0.6874273684538518,22,"US","CONSOLIDATION"
33,"SHORT",1777517099999,75975.7,1777517159999,75560,75560,75405.88225,"TRAILING_SL",1.6996607499999854,0,0.65,1,2.3284999999999854,0,1.2259182870312204,0,75510,75975.7,76355.5785,1.899392500000031,1,0,1,0,0,0,0,0,1,1,0,0,0.1,0.18993925,0.188775,1.9497857499999853,1.0265312461747393,1,1,0,0,-1.0699457042478366,0.32637706274930844,"MED",-0.8622408958566979,2,"ASIA","NORMAL"
34,"SHORT",1777542299999,76193.9,1777542479999,76076.6,76076.6,75622.44575,"TRAILING_SL",0.2058237499999418,0,0.65,1,0.8364999999999418,0,0.4391427660219138,0,76026.6,76193.9,76574.8695,1.9048475000000327,2,0,3,0,0,0,0,0,0,0,0,0,0.1,0.19048475,0.19006650000000003,0.45594874999994184,0.23936233740492824,0,0,0,0,-1.512282437784791,0.23653087314544427,"MED",0.021089999422073805,9,"EU","NORMAL"
35,"SHORT",1777545899999,76084.8,1777546319999,76006.4,76006.4,75514.164,"TRAILING_SL",0.011772000000043636,0,0.65,1,0.6420000000000436,0,0.33751813765695393,0,75956.4,76084.8,76465.224,1.9021199999999954,6,0,7,0,0,0,0,0,0,0,0,0,0.1,0.19021200000000002,0.189891,0.26189700000004357,0.13768689672578185,0,0,0,0,-1.9432267652621138,0.22004960218923836,"MED",-0.024106345500840665,10,"EU","NORMAL"
36,"LONG",1777591799999,76274.9,1777592099999,76283.7,76283.7,76846.96174999999,"TRAILING_SL",-0.33739649999998544,0,0.65,1,0.2940000000000146,0.03099999999998545,0.154179159854689,0.016256986243173056,76333.7,76268.7,75893.52549999999,1.9068725000000268,4,5,5,0,0,0.03099999999998545,0,0.016256986243173056,0,0,0,0,0.1,0.19068724999999997,0.19083425,-0.0875214999999854,-0.04589792972523552,0,0,0,0,0.734541680585947,0.18892700812224217,"LOW",0.12396450464200823,23,"US","CONSOLIDATION"
37,"LONG",1777594499999,76297.3,1777594619999,76474.5,76474.5,76869.52975,"TRAILING_SL",0.5040704999999854,0,0.65,1,1.1359999999999855,0,0.5955649806742772,0,76524.5,76297.3,75915.8135,1.9074324999999954,2,0,2,0,0,0,0,0,1,0,0,0,0.1,0.19074325000000003,0.19131125000000002,0.7539454999999854,0.3952671981839395,0,0,0,0,0.9868925239819167,0.1820725409815385,"LOW",0.29287582390567146,0,"ASIA","CONSOLIDATION"
38,"LONG",1777597199999,76357,1777598159999,76547.8,76547.8,76929.6775,"TRAILING_SL",0.5717380000000145,0,0.65,1,1.2040000000000146,0,0.6307214793666611,0,76597.8,76357,75975.215,1.9089250000000175,16,0,16,0,0,0,0,0,1,0,0,0,0.1,0.19089250000000002,0.1914945,0.8216130000000145,0.43040611862697953,0,0,0,0,0.262321843575338,0.18278902116960805,"LOW",0.23645053150200285,0,"ASIA","CONSOLIDATION"
39,"LONG",1777629599999,77190,1777629779999,77191.1,77191.1,77768.925,"TRAILING_SL",-0.380452749999971,0,0.65,1,0.2555000000000291,0.0680000000000291,0.13240057002203964,0.03523772509393943,77241.1,77176.4,76804.05,1.9297499999999854,1,3,3,0,0,0.0680000000000291,0,0.03523772509393943,0,0,0,0,0.1,0.192975,0.19310275000000002,-0.13057774999997093,-0.06766563026297288,0,0,0,0,1.5525859779490572,0.17340172804317,"LOW",0.7036141414682863,9,"EU","NORMAL"
40,"LONG",1777644899999,78550.1,1777644959999,78630.6,78630.6,79139.22575000001,"TRAILING_SL",0.00954824999999998,0,0.65,1,0.6525,0,0.33227201493060293,0,78680.6,78550.1,78157.34950000001,1.9637524999999734,1,0,1,0,0,0,0,0,0,0,0,0,0.1,0.19637525000000003,0.1967015,0.25942325,0.1321058789231349,0,0,0,0,3.0327329711768396,0.32668507529091556,"MED",2.0303205263893096,14,"OVERLAP","MOMENTUM_EXTREME"
41,"LONG",1777647599999,78211,1777647659999,78260.8,78260.8,78797.5825,"TRAILING_SL",-0.14217949999998544,0,0.65,1,0.49900000000001454,0,0.2552070680594921,0,78310.8,78211,77819.945,1.955274999999965,1,0,1,0,0,0,0,0,0,0,0,0,0.1,0.19552750000000002,0.195777,0.10769550000001452,0.055079464525458796,0,0,0,0,2.6955503420745837,0.3552885188190463,"MED",1.4609760174600872,14,"OVERLAP","NORMAL"
42,"LONG",1777650299999,78550.1,1777650359999,78591.6,78591.6,79139.22575000001,"TRAILING_SL",-0.18535425000000005,0,0.65,1,0.4575,0,0.23297233230766415,0,78641.6,78550.1,78157.34950000001,1.9637524999999734,1,0,1,0,0,0,0,0,0,0,0,0,0.1,0.19637525000000003,0.19660400000000003,0.06452074999999999,0.03285584614150758,0,0,0,0,2.868545184526111,0.34650145713769054,"MED",1.858731111742871,15,"OVERLAP","NORMAL"
43,"LONG",1777652999999,78246.8,1777653059999,78257.4,78257.4,78833.651,"TRAILING_SL",-0.33826050000004365,0,0.65,1,0.30299999999995636,0,0.15489451325802914,0,78307.4,78246.8,77855.566,1.9561699999999838,1,0,1,0,0,0,0,0,0,0,0,0,0.1,0.195617,0.19576849999999998,-0.08838550000004364,-0.045182933998601536,0,0,0,0,2.5892567008039995,0.3741156065932616,"MED",1.2958282291344305,16,"US","NORMAL"
44,"LONG",1777655699999,78231.1,1777655759999,78261.8,78261.8,78817.83325000001,"TRAILING_SL",-0.2377322500000146,0,0.65,1,0.4034999999999855,0,0.2063118120542813,0,78311.8,78231.1,77839.94450000001,1.9557774999999675,1,0,1,0,0,0,0,0,0,0,0,0,0.1,0.19557775000000002,0.19577950000000002,0.012142749999985436,0.00620865614825083,0,0,0,0,2.778014799800985,0.35224821022793884,"MED",1.1881317944783583,17,"US","NORMAL"
45,"LONG",1777658399999,78375.4,1777658519999,78500,78500,78963.21549999999,"TRAILING_SL",0.2308115000000291,0,0.65,1,0.8730000000000291,0,0.44554796530546287,0,78550,78375.4,77983.523,1.9593849999999657,1,0,2,0,0,0,0,0,0,0,0,0,0.1,0.1959385,0.196375,0.4806865000000291,0.24532519132280664,0,0,0,0,3.0304064251125276,0.34281185624493804,"MED",1.3336669749907024,17,"US","MOMENTUM_EXTREME"
46,"LONG",1777760099999,78676.1,1777760279999,78694.1,78694.1,79266.17075,"TRAILING_SL",-0.3034255,0,0.65,1,0.34,0,0.1728606273061327,0,78744.1,78676.1,78282.7195,1.9669024999999964,1,0,3,0,0,0,0,0,0,0,0,0,0.1,0.19669025,0.19686025000000001,-0.0535505,-0.027225803007520758,0,0,0,0,0.6525554480390742,0.15672470431375582,"LOW",0.5655611766381173,22,"US","CONSOLIDATION"
47,"LONG",1777762799999,78676.1,1777762859999,78749.3,78749.3,79266.17075,"TRAILING_SL",-0.027563500000014618,0,0.65,1,0.6159999999999854,0,0.31318278358992707,0,78799.3,78676.1,78282.7195,1.9669024999999964,1,0,1,0,0,0,0,0,0,0,0,0,0.1,0.19669025,0.19699825,0.22231149999998542,0.11302619219813174,0,0,0,0,0.8869940401887204,0.16946163692302302,"LOW",0.5809869310894016,22,"US","CONSOLIDATION"
48,"LONG",1777816799999,78616.6,1777816859999,78635,78635,79206.22450000001,"TRAILING_SL",-0.3011290000000291,0,0.65,1,0.3419999999999709,0,0.17400905152345533,0,78685,78616.6,78223.517,1.9654149999999937,1,0,1,0,0,0,0,0,0,0,0,0,0.1,0.1965415,0.1967125,-0.05125400000002914,-0.026077953002307044,0,0,0,0,0.4006286473740221,0.15022646602269618,"LOW",0.2946068299095731,13,"OVERLAP","CONSOLIDATION"
49,"LONG",1777845599999,78697.3,1777845659999,78964.6,78964.6,79287.52975,"TRAILING_SL",0.9423452500000147,0,0.65,1,1.5865000000000147,0,0.806380905062826,0,79014.6,78697.3,78303.8135,1.9674324999999955,1,0,1,0,0,0,0,0,1,0,0,0,0.1,0.19674325,0.19753650000000003,1.1922202500000147,0.6059777146102941,1,0,0,0,0.1357172810796423,0.20014362749758852,"MED",0.2736865264634912,21,"US","CONSOLIDATION"
50,"LONG",1777858199999,78393,1777858259999,78696.7,78696.7,78980.9475,"TRAILING_SL",1.1257757499999856,0,0.65,1,1.7684999999999855,0,0.9023764876966062,0,78746.7,78393,78001.035,1.9598249999999826,1,0,1,0,0,0,0,0,1,0,0,0,0.1,0.19598250000000003,0.19686675,1.3756507499999855,0.7019252994527561,1,0,0,0,0.4019123102737477,0.27065280415217363,"MED",-0.062035435116393985,1,"ASIA","CONSOLIDATION"
51,"LONG",1777873499999,79987.1,1777873679999,79999.9,79999.9,80587.00325000001,"TRAILING_SL",-0.33596750000005826,0,0.65,1,0.3139999999999418,0.024500000000043657,0.1570253203328719,0.012251975631092132,80049.9,79982.2,79587.1645,1.9996775000000344,1,3,3,0,0,0.024500000000043657,0,0.012251975631092132,0,0,0,0,0.1,0.19996775000000003,0.20012475,-0.08609250000005819,-0.04305319232729113,0,0,0,0,2.414319855481113,0.3764148436131569,"MED",1.2032870999010457,5,"ASIA","NORMAL"
52,"SHORT",1777903199999,78817.6,1777903319999,78757.3,78757.3,78226.46800000001,"TRAILING_SL",-0.09243724999998548,0,0.65,1,0.5515000000000145,0,0.27988672580743884,0,78707.3,78817.6,79211.68800000001,1.9704400000000168,2,0,2,0,0,0,0,0,0,0,0,0,0.1,0.19704400000000002,0.19676825000000003,0.1576877500000145,0.08002666917034426,0,0,0,0,0.1309754363834503,0.3401960323511711,"MED",-0.5488072792497152,13,"OVERLAP","CONSOLIDATION"
53,"LONG",1777940099999,79881,1777941239999,79998.3,79998.3,80480.1075,"TRAILING_SL",0.18680175000001453,0,0.65,1,0.8365000000000146,0.3794999999999709,0.41887307369713295,0.19003267360196893,80048.3,79805.1,79481.595,1.9970249999999943,19,15,19,1,0.3794999999999709,0,0.19003267360196893,0,0,0,0,0,0.1,0.19970250000000003,0.20012075000000001,0.43667675000001455,0.2186636371602838,0,0,0,0,1.834706889103262,0.25894611366751213,"MED",0.25783739363521313,0,"ASIA","NORMAL"
54,"LONG",1777957199999,80774.9,1777957259999,80806,80806,81380.71174999999,"TRAILING_SL",-0.2484522499999709,0,0.65,1,0.4055000000000291,0,0.20080495302378523,0,80856,80774.9,80371.02549999999,2.019372500000027,1,0,1,0,0,0,0,0,0,0,0,0,0.1,0.20193724999999998,0.20214000000000001,0.001422750000029116,0.0007045505472759964,0,0,0,0,0.6925288823522893,0.26926345318355893,"MED",1.0292247587945713,4,"ASIA","CONSOLIDATION"
55,"LONG",1777964399999,80774.9,1777964519999,80882,80882,81380.71174999999,"TRAILING_SL",0.13135775000002903,0,0.65,1,0.7855000000000292,0,0.38898222096221413,0,80932,80774.9,80371.02549999999,2.019372500000027,1,0,2,0,0,0,0,0,0,0,0,0,0.1,0.20193724999999998,0.20233,0.3812327500000292,0.1887877298517357,0,0,0,0,1.3817033909982588,0.2504622017928813,"MED",0.9280837115241651,6,"ASIA","NORMAL"
56,"LONG",1777976999999,80774.9,1777979519999,80793.5,80793.5,81380.71174999999,"TRAILING_SL",-0.31092099999997086,0,0.65,1,0.3430000000000291,0.5039999999999418,0.16985474448128046,0.24958248168672947,80843.5,80674.1,80371.02549999999,2.019372500000027,41,26,42,1,0.5039999999999418,0,0.24958248168672947,0,0,0,0,0,0.1,0.20193724999999998,0.20210875000000003,-0.0610459999999709,-0.030230182890957507,0,0,0,0,2.82795022032831,0.1901550333713343,"LOW",0.46839322688873375,10,"EU","NORMAL"
57,"LONG",1777992299999,81135,1777992419999,81171.8,81171.8,81743.5125,"TRAILING_SL",-0.22176699999998542,0,0.65,1,0.43400000000001454,0.021500000000014553,0.21396438035373705,0.010599617920756466,81221.8,81130.7,80729.325,2.0283750000000147,2,2,2,0,0,0,0,0,0,0,0,0,0.1,0.2028375,0.20305450000000003,0.02810800000001451,0.013857398163561623,0,0,0,0,2.15093129021909,0.3285282509581621,"MED",0.7868677927566967,14,"OVERLAP","NORMAL"
58,"LONG",1777994999999,81471,1777995119999,81565.2,81565.2,82082.0325,"TRAILING_SL",0.06340949999998541,0,0.65,1,0.7209999999999854,0,0.3539909906592494,0,81615.2,81471,81063.645,2.0367749999999796,2,0,2,0,0,0,0,0,0,0,0,0,0.1,0.2036775,0.20403800000000002,0.3132844999999854,0.15381399516391775,0,0,0,0,2.3984382846238828,0.3340906692640891,"MED",1.1632503776896264,15,"OVERLAP","NORMAL"
59,"LONG",1777998599999,81266.8,1777998659999,81324.8,81324.8,81876.301,"TRAILING_SL",-0.11647900000000005,0,0.65,1,0.54,0,0.26579119640492627,0,81374.8,81266.8,80860.466,2.031670000000013,1,0,1,0,0,0,0,0,0,0,0,0,0.1,0.20316700000000001,0.203437,0.13339600000000004,0.0656583008067251,0,0,0,0,1.4605365857307906,0.31263503601352244,"MED",0.8274737811285104,16,"US","NORMAL"
60,"LONG",1778020199999,81375.6,1778020739999,80968.72200000001,80968.72200000001,81985.917,"SL",-2.440250804999985,0,0.65,0,0.08649999999994179,2.213000000000029,0.04251888772553071,1.0877953588053644,81392.9,80933,80968.72200000001,2.034389999999985,1,9,9,0,0,2.213000000000029,0,1.0877953588053644,0,0,0,0,0.1,0.20343900000000004,0.20348225,-0.3204212500000583,-0.15750237171833356,0,0,0,0,1.4649014548038517,0.25442144843702885,"MED",0.4605908540524382,22,"US","NORMAL"
61,"LONG",1778029199999,80781,1778029259999,80957.3,80957.3,81386.8575,"TRAILING_SL",0.47715425000001455,0,0.65,1,1.1315000000000146,0,0.5602802639234562,0,81007.3,80781,80377.095,2.019524999999994,1,0,1,0,0,0,0,0,1,0,0,0,0.1,0.2019525,0.20251825000000004,0.7270292500000146,0.36000012379149393,0,0,0,0,1.0451739793486101,0.32508226843743654,"MED",-0.04449704029152882,0,"ASIA","NORMAL"
62,"LONG",1778031899999,81178.8,1778032079999,81375,81375,81787.641,"TRAILING_SL",0.5746154999999854,0,0.65,1,1.2309999999999854,0,0.6065623044440098,0,81425,81178.8,80772.906,2.029470000000001,3,0,3,0,0,0,0,0,1,0,0,0,0.1,0.20294700000000002,0.2035625,0.8244904999999855,0.406259023291788,0,0,0,0,1.313945601978828,0.2982208576179578,"MED",0.3196836561233872,1,"ASIA","NORMAL"
63,"LONG",1778047199999,81276,1778047319999,81346,81346,81885.57,"TRAILING_SL",-0.056554999999999966,0,0.65,1,0.6,0.0544999999999709,0.29529012254539744,0.026822186131192614,81396,81265.1,80869.62,2.0319000000000234,2,1,2,1,0.0544999999999709,0,0.026822186131192614,0,0,0,0,0,0.1,0.20319,0.20349,0.19332,0.09514247748412706,0,0,0,0,0.44090860785084596,0.2393722971939562,"MED",0.17454792618340212,5,"ASIA","CONSOLIDATION"
64,"LONG",1778049899999,81364.4,1778050379999,81435.1,81435.1,81974.63299999999,"TRAILING_SL",-0.053498749999941864,0,0.65,1,0.6035000000000582,0,0.2966899528541023,0,81485.1,81364.4,80957.578,2.0341100000000005,5,0,8,0,0,0,0,0,0,0,0,0,0.1,0.203411,0.20371275000000003,0.19637625000005818,0.09654160787767531,0,0,0,0,0.818114399828637,0.2363749188040173,"MED",0.3610181183477117,6,"ASIA","CONSOLIDATION"
65,"LONG",1778053499999,81400.3,1778054639999,81434.5,81434.5,82010.80225000001,"TRAILING_SL",-0.2360870000000146,0,0.65,1,0.42099999999998544,0.7125,0.20687884442685692,0.35012155974855264,81484.5,81257.8,80993.2985,2.0350074999999923,19,12,19,1,0.7125,0,0.35012155974855264,0,0,0,0,0,0.1,0.20350075,0.20371125,0.013787999999985423,0.006775405004642723,0,0,0,0,0.4846857816036739,0.21941010523254525,"MED",0.2554082213597212,7,"EU","CONSOLIDATION"
66,"LONG",1778057999999,81602.7,1778058059999,81913.7,81913.7,82214.72025,"TRAILING_SL",1.1462089999999998,0,0.65,1,1.805,0,0.8847746459369584,0,81963.7,81602.7,81194.6865,2.0400675000000046,1,0,1,0,0,0,0,0,1,0,0,0,0.1,0.20400675000000001,0.20490925,1.3960839999999999,0.6843322586139904,1,0,0,0,1.4122901929519047,0.2548647460912029,"MED",0.8243608737134639,8,"EU","NORMAL"
67,"SHORT",1778159699999,81110.2,1778159759999,80871,80871,80501.8735,"TRAILING_SL",0.7910469999999855,0,0.65,1,1.4459999999999855,0,0.7131039006191386,0,80821,81110.2,81515.751,2.0277550000000337,1,0,1,0,0,0,0,0,1,0,0,0,0.1,0.2027755,0.20205250000000002,1.0411719999999856,0.5134604525694516,1,0,0,0,-1.4255321222991884,0.23677420524781667,"MED",-0.33833041953753773,13,"OVERLAP","NORMAL"
68,"SHORT",1778162399999,80610.8,1778162459999,80468.2,80468.2,80006.219,"TRAILING_SL",0.3103025000000291,0,0.65,1,0.9630000000000292,0,0.477851603011021,0,80418.2,80610.8,81013.854,2.0152700000000188,1,0,1,0,0,0,0,0,0,0,0,0,0.1,0.201527,0.20104550000000002,0.5604275000000292,0.2780905288125283,0,0,0,0,-1.4273148692618363,0.279904614927107,"MED",-0.7942555494018878,13,"OVERLAP","NORMAL"
69,"SHORT",1778184899999,80274.3,1778185379999,80102.4,80102.4,79672.24275,"TRAILING_SL",0.45855825000004363,0,0.65,1,1.1095000000000437,0,0.5528544004744038,0,80052.4,80274.3,80675.6715,2.006857499999969,6,0,8,0,0,0,0,0,1,0,0,0,0.1,0.20068575000000002,0.200131,0.7086832500000437,0.3531308276746379,0,0,0,0,-1.8125058984883973,0.3031868019883498,"MED",-0.6536965701987607,20,"US","NORMAL"
70,"SHORT",1778187599999,79985.6,1778187779999,79788.6,79788.6,79385.708,"TRAILING_SL",0.5855644999999999,0,0.65,1,1.235,0,0.6176111700106022,0,79738.6,79985.6,80385.528,1.9996399999999994,3,0,3,0,0,0,0,0,1,0,0,0,0.1,0.19996400000000003,0.19934650000000004,0.8356895,0.41791997559560734,0,0,0,0,-1.8851045894512364,0.28939103348104817,"MED",-0.8926178192531464,20,"US","NORMAL"
71,"SHORT",1778201099999,79985.6,1778201819999,79739.7,79739.7,79385.708,"TRAILING_SL",0.8301867500000437,0,0.65,1,1.4795000000000438,0,0.7398831789722371,0,79689.7,79985.6,80385.528,1.9996399999999994,12,0,12,0,0,0,0,0,1,0,0,0,0.1,0.19996400000000003,0.19922425,1.0803117500000439,0.5402531205617233,1,0,0,0,-1.3584711828034137,0.22328412084499266,"MED",-0.6239590036254502,0,"ASIA","NORMAL"
72,"SHORT",1778203799999,79754.9,1778203919999,79738.2,79738.2,79156.73825,"TRAILING_SL",-0.3152327500000145,0,0.65,1,0.3334999999999855,0,0.1672624503321982,0,79688.2,79754.9,80153.6745,1.9938724999999977,1,0,2,0,0,0,0,0,0,0,0,0,0.1,0.19938725,0.1992205,-0.06510775000001451,-0.03265391844263592,0,0,0,0,-1.8005854120058808,0.22850843139613428,"MED",-0.7762667571892183,1,"ASIA","NORMAL"
73,"SHORT",1778253299999,80100,1778253359999,79840,79840,79499.25,"TRAILING_SL",0.90015,0,0.65,1,1.55,0,0.7740324594257179,0,79790,80100,80500.5,2.0025,1,0,1,0,0,0,0,0,1,0,0,0,0.1,0.20025,0.19947499999999999,1.150275,0.5744194756554307,1,0,0,0,-0.31888511274554465,0.3285502146335166,"MED",-0.12086492585211071,15,"OVERLAP","CONSOLIDATION"
74,"SHORT",1778266799999,80183.1,1778266859999,80037.5,80037.5,79581.72675,"TRAILING_SL",0.327448500000029,0,0.65,1,0.9780000000000292,0,0.4878833569667535,0,79987.5,80183.1,80584.01550000001,2.004577500000014,1,0,1,0,0,0,0,0,0,0,0,0,0.1,0.20045775000000005,0.19996875,0.577573500000029,0.28812729864523823,0,0,0,0,-0.14918577745624007,0.29269275541885215,"MED",0.09429746890771144,18,"US","CONSOLIDATION"
75,"LONG",1778429699999,81313.2,1778429759999,81397.7,81397.7,81923.049,"TRAILING_SL",0.015722750000000008,0,0.65,1,0.6725,0,0.3308195963262987,0,81447.7,81313.2,80906.63399999999,2.032830000000031,1,0,1,0,0,0,0,0,0,0,0,0,0.1,0.203283,0.20361925,0.26559774999999997,0.13065418652813857,0,0,0,0,1.1037185008796226,0.15792261100109167,"LOW",0.7969474009018503,16,"US","NORMAL"
76,"LONG",1778474699999,80675.2,1778474999999,80757,80757,81280.264,"TRAILING_SL",0.0054195000000145654,0,0.65,1,0.6590000000000146,0,0.3267422950299514,0,80807,80675.2,80271.824,2.016880000000019,2,0,5,0,0,0,0,0,0,0,0,0,0.1,0.201688,0.20201750000000002,0.2552945000000146,0.1265789238824383,0,0,0,0,0.0817641228939544,0.3067439388824005,"MED",-0.428912330534818,4,"ASIA","CONSOLIDATION"
77,"SHORT",1778591699999,80896.2,1778591879999,80774,80774,80289.4785,"TRAILING_SL",0.20682449999998542,0,0.65,1,0.8609999999999854,0,0.4257307512590139,0,80724,80896.2,81300.681,2.0224049999999987,2,0,3,0,0,0,0,0,0,0,0,0,0.1,0.2022405,0.20181000000000002,0.45694949999998546,0.2259436166346433,0,0,0,0,-0.6003030441038684,0.19783380294803388,"LOW",-0.38693459009433806,13,"OVERLAP","CONSOLIDATION"
78,"SHORT",1778598899999,80620.8,1778598959999,80528.6,80528.6,80016.144,"TRAILING_SL",0.058126499999985426,0,0.65,1,0.7109999999999854,0,0.3527625625148714,0,80478.6,80620.8,81023.90400000001,2.0155200000000333,1,0,1,0,0,0,0,0,0,0,0,0,0.1,0.20155200000000004,0.20119650000000003,0.30825149999998536,0.15293894379613215,0,0,0,0,-0.5039970261581882,0.29628600017418877,"MED",-0.4936376349001701,15,"OVERLAP","CONSOLIDATION"
79,"SHORT",1778626799999,80675.9,1778626919999,80638.7,80638.7,80070.83075,"TRAILING_SL",-0.21728650000001454,0,0.65,1,0.43599999999998545,0,0.21617360326937307,0,80588.7,80675.9,81079.27949999999,2.016897499999977,1,0,2,0,0,0,0,0,0,0,0,0,0.1,0.20168975,0.20147174999999998,0.032838499999985477,0.016281690071005515,0,0,0,0,-1.4443315519136544,0.18780686371085176,"LOW",-0.15257625450130635,22,"US","NORMAL"
80,"SHORT",1778629499999,80619.5,1778629619999,80464.9,80464.9,80014.85375,"TRAILING_SL",0.37028900000002907,0,0.65,1,1.0230000000000292,0,0.5075695086176522,0,80414.9,80619.5,81022.5975,2.0154875000000176,2,0,2,0,0,0,0,0,1,0,0,0,0.1,0.20154875000000003,0.20103725,0.6204140000000291,0.3078232933719627,0,0,0,0,-1.5515484286932435,0.18541339855043992,"LOW",-0.32339133766369205,23,"US","NORMAL"